<queries>
    <query name="com.classchoice.school.sections" coreTable="" flattened="true">
        <description>Gets sections in the proper format for class choice.</description>
        <args>
        </args>
        <columns>
			<column column="SECTIONS.SECTION_NUMBER">SECTION_NUMBER</column>
			<column column="SECTIONS.SCHOOLID">SCHOOL_ID</column>
			<column column="SECTIONS.EXPRESSION">EXPRESSION</column>
			<column column="SECTIONS.TERMID">TERMID</column>
			<column column="SECTIONS.MAXENROLLMENT">MAX_ENROLLMENT</column>
			<column column="SECTIONS.ROOM">ROOM</column>
			<column column="COURSES.COURSE_NAME">COURSE_NAME</column>
			<column column="COURSES.COURSE_NUMBER">COURSE_NUMBER</column>
			<column column="TEACHERS.ID">TEACHER_ID</column>
			<column column="TEACHERS.FIRST_NAME">TEACHER_FIRST_NAME</column>
			<column column="TEACHERS.MIDDLE_NAME">TEACHER_MIDDLE_NAME</column>
			<column column="TEACHERS.LAST_NAME">TEACHER_LAST_NAME</column>
 		</columns>
        <sql>
			<![CDATA[
				SELECT s.section_number,
					   s.schoolid,
					   s.expression,
					   s.termid,
					   s.maxenrollment,
					   s.room,
					   c.course_name, 
					   c.course_number, 
					   t.id,
					   t.first_name, 
					   t.middle_name,
					   t.last_name
				FROM   sections s 
					   LEFT JOIN courses c 
							  ON c.course_number = s.course_number 
					   LEFT JOIN teachers t 
							  ON s.teacher = t.id 
				WHERE  s.schoolid in (615, 616)
				ORDER BY s.section_number, s.termid
			]]>
        </sql>
    </query>
    <query name="com.classchoice.school.students" coreTable="" flattened="true">
		<description>Gets IHLA/IHLAHS students.</description>
        <args>
        </args>
        <columns>
			<column column="STUDENTS.FIRST_NAME">FIRST_NAME</column>
			<column column="STUDENTS.LAST_NAME">LAST_NAME</column>
			<column column="STUDENTS.SCHOOLID">SCHOOL_ID</column>
			<column column="STUDENTS.STUDENT_NUMBER">STUDENT_NUMBER</column>
 		</columns>
        <sql>
			<![CDATA[
				SELECT first_name,
					   last_name,
					   schoolid,
					   student_number
				FROM   students
				WHERE  schoolid in (615, 616)
				ORDER BY student_number
			]]>
        </sql>
	</query>
    <query name="com.classchoice.school.current_courses" coreTable="" flattened="true">
		<description>Gets current year student courses.</description>
        <args>
        </args>
        <columns>
			<column column="CC.STUDENTID">ID</column>
			<column column="CC.COURSE_NUMBER">NUMBER</column>
			<column column="CC.DATEENROLLED">DATE_ENROLLED</column>
			<column column="CC.TERMID">TERMID</column>
			<column column="COURSES.COURSE_NAME">NAME</column>
			<column column="COURSES.CREDIT_HOURS">CREDIT_HOURS</column>
			<column column="COURSES.SCHED_COURSESUBJECTAREACODE">SUBJECT_AREA_CODE</column>
			<column column="STUDENTS.GRADE_LEVEL">GRADE_LEVEL</column>
 		</columns>
        <sql>
			<![CDATA[
				SELECT cc.studentid,
					   cc.course_number,
					   cc.dateenrolled,
					   cc.termid,
					   courses.course_name,
					   courses.credit_hours,
					   courses.sched_coursesubjectareacode,
					   students.grade_level
				FROM   cc,
					   courses,
					   students
				WHERE  cc.course_number = courses.course_number
					   AND cc.studentid = students.id
			]]>
        </sql>
	</query>
</queries>
